Timestamp,Tag ID,Status
2024-08-19 15:00:21,Scanning all available serial ports for RFID readers...,
2024-08-19 15:00:21,Attempting to check port /dev/cu.Bluetooth-Incoming-Port...,
2024-08-19 15:00:21,Successfully opened port /dev/cu.Bluetooth-Incoming-Port,
2024-08-19 15:00:21,Heartbeat: Script is running...,
2024-08-19 15:00:26,Heartbeat: Script is running...,
2024-08-19 15:00:31,Heartbeat: Script is running...,
2024-08-19 15:00:36,Heartbeat: Script is running...,
2024-08-19 15:00:41,Heartbeat: Script is running...,
2024-08-19 15:00:46,Heartbeat: Script is running...,
2024-08-19 15:00:51,Heartbeat: Script is running...,
2024-08-19 15:00:56,Heartbeat: Script is running...,
2024-08-19 15:01:01,Heartbeat: Script is running...,
2024-08-19 15:01:06,Heartbeat: Script is running...,
2024-08-19 15:01:11,Heartbeat: Script is running...,
2024-08-19 15:01:16,Heartbeat: Script is running...,
2024-08-19 15:01:21,Heartbeat: Script is running...,
2024-08-19 15:01:26,Heartbeat: Script is running...,
2024-08-19 15:01:31,Heartbeat: Script is running...,
2024-08-19 15:01:36,Heartbeat: Script is running...,
2024-08-19 15:01:41,Heartbeat: Script is running...,
2024-08-19 15:01:46,Heartbeat: Script is running...,
2024-08-19 15:01:51,Heartbeat: Script is running...,
2024-08-19 15:01:56,Heartbeat: Script is running...,
2024-08-19 15:02:01,Heartbeat: Script is running...,
2024-08-19 15:02:06,Heartbeat: Script is running...,
2024-08-19 15:02:11,Heartbeat: Script is running...,
2024-08-19 15:02:16,Heartbeat: Script is running...,
2024-08-19 15:02:21,Heartbeat: Script is running...,
2024-08-19 15:02:26,Heartbeat: Script is running...,
2024-08-19 15:02:31,Heartbeat: Script is running...,
2024-08-19 15:02:36,Heartbeat: Script is running...,
2024-08-19 15:02:41,Heartbeat: Script is running...,
2024-08-19 15:02:46,Heartbeat: Script is running...,
2024-08-19 15:02:51,Heartbeat: Script is running...,
2024-08-19 15:02:56,Heartbeat: Script is running...,
2024-08-19 15:03:01,Heartbeat: Script is running...,
2024-08-19 15:03:06,Heartbeat: Script is running...,
2024-08-19 15:03:11,Heartbeat: Script is running...,
2024-08-19 15:03:16,Heartbeat: Script is running...,
2024-08-19 15:03:21,Heartbeat: Script is running...,
2024-08-19 15:03:26,Heartbeat: Script is running...,
2024-08-19 15:03:31,Heartbeat: Script is running...,
2024-08-19 15:03:36,Heartbeat: Script is running...,
2024-08-19 15:03:41,Heartbeat: Script is running...,
2024-08-19 15:03:46,Heartbeat: Script is running...,
2024-08-19 15:03:51,Heartbeat: Script is running...,
2024-08-19 15:03:56,Heartbeat: Script is running...,
2024-08-19 15:04:01,Heartbeat: Script is running...,
2024-08-19 15:04:06,Heartbeat: Script is running...,
2024-08-19 15:04:11,Heartbeat: Script is running...,
2024-08-19 15:04:16,Heartbeat: Script is running...,
2024-08-19 15:04:21,Heartbeat: Script is running...,
2024-08-19 15:04:26,Heartbeat: Script is running...,
2024-08-19 15:04:31,Heartbeat: Script is running...,
2024-08-19 15:04:36,Heartbeat: Script is running...,
2024-08-19 15:04:41,Heartbeat: Script is running...,
2024-08-19 15:04:46,Heartbeat: Script is running...,
2024-08-19 15:04:51,Heartbeat: Script is running...,
2024-08-19 15:04:56,Heartbeat: Script is running...,
2024-08-19 15:05:01,Heartbeat: Script is running...,
2024-08-19 15:05:06,Heartbeat: Script is running...,
2024-08-19 15:05:11,Heartbeat: Script is running...,
2024-08-19 15:05:16,Heartbeat: Script is running...,
2024-08-19 15:05:21,Heartbeat: Script is running...,
2024-08-19 15:05:26,Heartbeat: Script is running...,
2024-08-19 15:05:31,Heartbeat: Script is running...,
2024-08-19 15:05:36,Heartbeat: Script is running...,
2024-08-19 15:05:41,Heartbeat: Script is running...,
2024-08-19 15:05:46,Heartbeat: Script is running...,
2024-08-19 15:05:51,Heartbeat: Script is running...,
2024-08-19 15:05:56,Heartbeat: Script is running...,
2024-08-19 15:06:01,Heartbeat: Script is running...,
2024-08-19 15:06:06,Heartbeat: Script is running...,
2024-08-19 15:06:11,Heartbeat: Script is running...,
2024-08-19 15:06:16,Heartbeat: Script is running...,
2024-08-19 15:06:21,Heartbeat: Script is running...,
2024-08-19 15:06:26,Heartbeat: Script is running...,
2024-08-19 15:06:31,Heartbeat: Script is running...,
2024-08-19 15:06:36,Heartbeat: Script is running...,
2024-08-19 15:06:41,Heartbeat: Script is running...,
2024-08-19 15:06:46,Heartbeat: Script is running...,
2024-08-19 15:06:51,Heartbeat: Script is running...,
2024-08-19 15:06:56,Heartbeat: Script is running...,
2024-08-19 15:07:01,Heartbeat: Script is running...,
2024-08-19 15:07:06,Heartbeat: Script is running...,
2024-08-19 15:07:11,Heartbeat: Script is running...,
2024-08-19 15:07:16,Heartbeat: Script is running...,
2024-08-19 15:07:21,Heartbeat: Script is running...,
2024-08-19 15:07:26,Heartbeat: Script is running...,
2024-08-19 15:07:31,Heartbeat: Script is running...,
2024-08-19 15:07:36,Heartbeat: Script is running...,
2024-08-19 15:07:41,Heartbeat: Script is running...,
2024-08-19 15:07:46,Heartbeat: Script is running...,
2024-08-19 15:07:51,Heartbeat: Script is running...,
2024-08-19 15:07:56,Heartbeat: Script is running...,
2024-08-19 15:08:01,Heartbeat: Script is running...,
2024-08-19 15:08:06,Heartbeat: Script is running...,
2024-08-19 15:08:11,Heartbeat: Script is running...,
2024-08-19 15:08:16,Heartbeat: Script is running...,
2024-08-19 15:08:21,Heartbeat: Script is running...,
2024-08-19 15:08:26,Heartbeat: Script is running...,
2024-08-19 15:08:31,Heartbeat: Script is running...,
2024-08-19 15:08:36,Heartbeat: Script is running...,
2024-08-19 15:08:41,Heartbeat: Script is running...,
2024-08-19 15:08:46,Heartbeat: Script is running...,
2024-08-19 15:08:51,Heartbeat: Script is running...,
2024-08-19 15:08:56,Heartbeat: Script is running...,
2024-08-19 15:09:01,Heartbeat: Script is running...,
2024-08-19 15:09:06,Heartbeat: Script is running...,
2024-08-19 15:09:11,Heartbeat: Script is running...,
2024-08-19 15:09:16,Heartbeat: Script is running...,
2024-08-19 15:09:21,Heartbeat: Script is running...,
2024-08-19 15:09:26,Heartbeat: Script is running...,
2024-08-19 15:09:31,Heartbeat: Script is running...,
2024-08-19 15:09:36,Heartbeat: Script is running...,
2024-08-19 15:09:41,Heartbeat: Script is running...,
2024-08-19 15:09:46,Heartbeat: Script is running...,
2024-08-19 15:09:51,Heartbeat: Script is running...,
2024-08-19 15:09:56,Heartbeat: Script is running...,
2024-08-19 15:10:01,Heartbeat: Script is running...,
2024-08-19 15:10:06,Heartbeat: Script is running...,
2024-08-19 15:10:11,Heartbeat: Script is running...,
2024-08-19 15:10:16,Heartbeat: Script is running...,
2024-08-19 15:10:21,Heartbeat: Script is running...,
2024-08-19 15:10:25,Scanning all available serial ports for RFID readers...,
2024-08-19 15:10:25,Attempting to check port /dev/cu.Bluetooth-Incoming-Port...,
2024-08-19 15:10:25,Successfully opened port /dev/cu.Bluetooth-Incoming-Port,
2024-08-19 15:10:25,Beep emitted!,
2024-08-19 15:10:25,Heartbeat: Script is running...,
2024-08-19 15:10:26,Heartbeat: Script is running...,
2024-08-19 15:10:28,Beep emitted!,
2024-08-19 15:10:30,Heartbeat: Script is running...,
2024-08-19 15:10:31,Heartbeat: Script is running...,
2024-08-19 15:10:35,Heartbeat: Script is running...,
2024-08-19 15:10:36,Heartbeat: Script is running...,
2024-08-19 15:10:40,Heartbeat: Script is running...,
2024-08-19 15:10:41,Heartbeat: Script is running...,
2024-08-19 15:10:45,Heartbeat: Script is running...,
2024-08-19 15:10:46,Heartbeat: Script is running...,
2024-08-19 15:10:50,Heartbeat: Script is running...,
2024-08-19 15:10:51,Heartbeat: Script is running...,
2024-08-19 15:10:55,Heartbeat: Script is running...,
2024-08-19 15:10:56,Heartbeat: Script is running...,
2024-08-19 15:11:00,Heartbeat: Script is running...,
2024-08-19 15:11:01,Heartbeat: Script is running...,
2024-08-19 15:11:05,Heartbeat: Script is running...,
2024-08-19 15:11:06,Heartbeat: Script is running...,
2024-08-19 15:11:10,Heartbeat: Script is running...,
2024-08-19 15:11:11,Heartbeat: Script is running...,
2024-08-19 15:11:15,Heartbeat: Script is running...,
2024-08-19 15:11:16,Heartbeat: Script is running...,
2024-08-19 15:11:20,Heartbeat: Script is running...,
2024-08-19 15:11:21,Heartbeat: Script is running...,
2024-08-19 15:11:25,Heartbeat: Script is running...,
2024-08-19 15:11:26,Heartbeat: Script is running...,
2024-08-19 15:11:30,Heartbeat: Script is running...,
2024-08-19 15:11:31,Heartbeat: Script is running...,
2024-08-19 15:11:35,Heartbeat: Script is running...,
2024-08-19 15:11:36,Heartbeat: Script is running...,
2024-08-19 15:11:40,Heartbeat: Script is running...,
2024-08-19 15:11:41,Heartbeat: Script is running...,
2024-08-19 15:11:45,Heartbeat: Script is running...,
2024-08-19 15:11:46,Heartbeat: Script is running...,
2024-08-19 15:11:50,Heartbeat: Script is running...,
2024-08-19 15:11:51,Heartbeat: Script is running...,
2024-08-19 15:11:55,Heartbeat: Script is running...,
2024-08-19 15:11:56,Heartbeat: Script is running...,
2024-08-19 15:12:00,Heartbeat: Script is running...,
2024-08-19 15:12:01,Heartbeat: Script is running...,
2024-08-19 15:12:05,Heartbeat: Script is running...,
2024-08-19 15:12:06,Heartbeat: Script is running...,
2024-08-19 15:12:10,Heartbeat: Script is running...,
2024-08-19 15:12:11,Heartbeat: Script is running...,
2024-08-19 15:12:15,Heartbeat: Script is running...,
2024-08-19 15:12:16,Heartbeat: Script is running...,
2024-08-19 15:12:20,Heartbeat: Script is running...,
2024-08-19 15:12:21,Heartbeat: Script is running...,
2024-08-19 15:12:25,Heartbeat: Script is running...,
2024-08-19 15:12:26,Heartbeat: Script is running...,
2024-08-19 15:12:30,Heartbeat: Script is running...,
2024-08-19 15:12:31,Heartbeat: Script is running...,
2024-08-19 15:12:35,Heartbeat: Script is running...,
2024-08-19 15:12:36,Heartbeat: Script is running...,
2024-08-19 15:12:40,Heartbeat: Script is running...,
2024-08-19 15:12:41,Heartbeat: Script is running...,
2024-08-19 15:12:45,Heartbeat: Script is running...,
2024-08-19 15:12:46,Heartbeat: Script is running...,
2024-08-19 15:12:50,Heartbeat: Script is running...,
2024-08-19 15:12:51,Heartbeat: Script is running...,
2024-08-19 15:12:55,Heartbeat: Script is running...,
2024-08-19 15:12:56,Heartbeat: Script is running...,
2024-08-19 15:13:00,Heartbeat: Script is running...,
2024-08-19 15:13:01,Heartbeat: Script is running...,
2024-08-19 15:13:05,Heartbeat: Script is running...,
2024-08-19 15:13:06,Heartbeat: Script is running...,
2024-08-19 15:13:10,Heartbeat: Script is running...,
2024-08-19 15:13:11,Heartbeat: Script is running...,
2024-08-19 15:13:15,Heartbeat: Script is running...,
2024-08-19 15:13:16,Heartbeat: Script is running...,
2024-08-19 15:13:20,Heartbeat: Script is running...,
2024-08-19 15:13:21,Heartbeat: Script is running...,
2024-08-19 15:13:25,Heartbeat: Script is running...,
2024-08-19 15:13:26,Heartbeat: Script is running...,
2024-08-19 15:13:30,Heartbeat: Script is running...,
2024-08-19 15:13:32,Scanning all available serial ports for RFID readers...,
2024-08-19 15:13:32,Attempting to check port /dev/cu.Bluetooth-Incoming-Port...,
2024-08-19 15:13:32,Successfully opened port /dev/cu.Bluetooth-Incoming-Port,
2024-08-19 15:13:32,Heartbeat: Script is running...,
2024-08-19 15:13:35,Heartbeat: Script is running...,
2024-08-19 15:13:37,Heartbeat: Script is running...,
2024-08-19 15:13:40,Heartbeat: Script is running...,
2024-08-19 15:13:42,Heartbeat: Script is running...,
2024-08-19 15:13:45,Heartbeat: Script is running...,
2024-08-19 15:13:47,Heartbeat: Script is running...,
2024-08-19 15:13:50,Heartbeat: Script is running...,
2024-08-19 15:13:52,Heartbeat: Script is running...,
2024-08-19 15:13:55,Heartbeat: Script is running...,
2024-08-19 15:13:57,Heartbeat: Script is running...,
2024-08-19 15:14:00,Heartbeat: Script is running...,
2024-08-19 15:14:02,Heartbeat: Script is running...,
2024-08-19 15:14:05,Heartbeat: Script is running...,
2024-08-19 15:14:07,Heartbeat: Script is running...,
2024-08-19 15:14:10,Heartbeat: Script is running...,
2024-08-19 15:14:12,Heartbeat: Script is running...,
2024-08-19 15:14:15,Heartbeat: Script is running...,
2024-08-19 15:14:17,Heartbeat: Script is running...,
2024-08-19 15:14:20,Heartbeat: Script is running...,
2024-08-19 15:14:22,Heartbeat: Script is running...,
2024-08-19 15:14:25,Heartbeat: Script is running...,
2024-08-19 15:14:27,Heartbeat: Script is running...,
2024-08-19 15:14:30,Heartbeat: Script is running...,
2024-08-19 15:14:32,Heartbeat: Script is running...,
2024-08-19 15:14:35,Heartbeat: Script is running...,
2024-08-19 15:14:37,Heartbeat: Script is running...,
2024-08-19 15:14:40,Heartbeat: Script is running...,
2024-08-19 15:14:42,Heartbeat: Script is running...,
2024-08-19 15:14:45,Heartbeat: Script is running...,
2024-08-19 15:14:47,Heartbeat: Script is running...,
2024-08-19 15:14:50,Heartbeat: Script is running...,
2024-08-19 15:14:52,Heartbeat: Script is running...,
2024-08-19 15:14:55,Heartbeat: Script is running...,
2024-08-19 15:14:57,Heartbeat: Script is running...,
2024-08-19 15:15:00,Heartbeat: Script is running...,
2024-08-19 15:15:02,Heartbeat: Script is running...,
2024-08-19 15:15:05,Heartbeat: Script is running...,
2024-08-19 15:15:07,Heartbeat: Script is running...,
2024-08-19 15:15:10,Heartbeat: Script is running...,
2024-08-19 15:15:12,Heartbeat: Script is running...,
2024-08-19 15:15:15,Heartbeat: Script is running...,
2024-08-19 15:15:17,Heartbeat: Script is running...,
2024-08-19 15:15:20,Heartbeat: Script is running...,
2024-08-19 15:15:22,Heartbeat: Script is running...,
2024-08-19 15:15:25,Heartbeat: Script is running...,
2024-08-19 15:15:27,Heartbeat: Script is running...,
2024-08-19 15:15:30,Heartbeat: Script is running...,
2024-08-19 15:15:32,Heartbeat: Script is running...,
2024-08-19 15:15:35,Heartbeat: Script is running...,
2024-08-19 15:15:37,Heartbeat: Script is running...,
2024-08-19 15:15:40,Heartbeat: Script is running...,
2024-08-19 15:15:42,Heartbeat: Script is running...,
2024-08-19 15:15:45,Heartbeat: Script is running...,
2024-08-19 15:15:47,Heartbeat: Script is running...,
2024-08-19 15:15:50,Heartbeat: Script is running...,
2024-08-19 15:15:52,Heartbeat: Script is running...,
2024-08-19 15:15:55,Heartbeat: Script is running...,
2024-08-19 15:15:57,Heartbeat: Script is running...,
2024-08-19 15:16:00,Heartbeat: Script is running...,
2024-08-19 15:16:02,Heartbeat: Script is running...,
2024-08-19 15:16:05,Heartbeat: Script is running...,
2024-08-19 15:16:07,Heartbeat: Script is running...,
2024-08-19 15:16:10,Heartbeat: Script is running...,
2024-08-19 15:16:12,Heartbeat: Script is running...,
2024-08-19 15:16:15,Heartbeat: Script is running...,
2024-08-19 15:16:17,Heartbeat: Script is running...,
2024-08-19 15:16:20,Heartbeat: Script is running...,
2024-08-19 15:16:22,Heartbeat: Script is running...,
2024-08-19 15:16:25,Heartbeat: Script is running...,
2024-08-19 15:16:27,Heartbeat: Script is running...,
2024-08-19 15:16:30,Heartbeat: Script is running...,
2024-08-19 15:16:32,Heartbeat: Script is running...,
2024-08-19 15:16:35,Heartbeat: Script is running...,
2024-08-19 15:16:37,Heartbeat: Script is running...,
2024-08-19 15:16:40,Heartbeat: Script is running...,
2024-08-19 15:16:42,Heartbeat: Script is running...,
2024-08-19 15:16:45,Heartbeat: Script is running...,
2024-08-19 15:16:47,Heartbeat: Script is running...,
2024-08-19 15:16:50,Heartbeat: Script is running...,
2024-08-19 15:16:52,Heartbeat: Script is running...,
2024-08-19 15:16:55,Heartbeat: Script is running...,
2024-08-19 15:16:57,Heartbeat: Script is running...,
2024-08-19 15:17:00,Heartbeat: Script is running...,
2024-08-19 15:17:02,Heartbeat: Script is running...,
2024-08-19 15:17:05,Heartbeat: Script is running...,
2024-08-19 15:17:07,Heartbeat: Script is running...,
2024-08-19 15:17:10,Heartbeat: Script is running...,
2024-08-19 15:17:12,Heartbeat: Script is running...,
2024-08-19 15:17:15,Heartbeat: Script is running...,
2024-08-19 15:17:17,Heartbeat: Script is running...,
2024-08-19 15:17:20,Heartbeat: Script is running...,
2024-08-19 15:17:22,Heartbeat: Script is running...,
2024-08-19 15:17:25,Heartbeat: Script is running...,
2024-08-19 15:17:27,Heartbeat: Script is running...,
2024-08-19 15:17:30,Heartbeat: Script is running...,
2024-08-19 15:17:32,Heartbeat: Script is running...,
2024-08-19 15:17:35,Heartbeat: Script is running...,
2024-08-19 15:17:37,Heartbeat: Script is running...,
2024-08-19 15:17:40,Heartbeat: Script is running...,
2024-08-19 15:17:42,Heartbeat: Script is running...,
2024-08-19 15:17:45,Heartbeat: Script is running...,
2024-08-19 15:17:47,Heartbeat: Script is running...,
2024-08-19 15:17:50,Heartbeat: Script is running...,
2024-08-19 15:17:52,Heartbeat: Script is running...,
2024-08-19 15:17:55,Heartbeat: Script is running...,
2024-08-19 15:17:57,Heartbeat: Script is running...,
2024-08-19 15:18:00,Heartbeat: Script is running...,
2024-08-19 15:18:02,Heartbeat: Script is running...,
2024-08-19 15:18:05,Heartbeat: Script is running...,
2024-08-19 15:18:07,Heartbeat: Script is running...,
2024-08-19 15:18:10,Heartbeat: Script is running...,
2024-08-19 15:18:12,Heartbeat: Script is running...,
2024-08-19 15:18:15,Heartbeat: Script is running...,
2024-08-19 15:18:17,Heartbeat: Script is running...,
2024-08-19 15:18:20,Heartbeat: Script is running...,
2024-08-19 15:18:22,Heartbeat: Script is running...,
2024-08-19 15:18:25,Heartbeat: Script is running...,
2024-08-19 15:18:27,Heartbeat: Script is running...,
2024-08-19 15:18:30,Heartbeat: Script is running...,
2024-08-19 15:18:32,Heartbeat: Script is running...,
2024-08-19 15:18:35,Heartbeat: Script is running...,
2024-08-19 15:18:37,Heartbeat: Script is running...,
2024-08-19 15:18:40,Heartbeat: Script is running...,
2024-08-19 15:18:42,Heartbeat: Script is running...,
2024-08-19 15:18:45,Heartbeat: Script is running...,
2024-08-19 15:18:47,Heartbeat: Script is running...,
2024-08-19 15:18:50,Heartbeat: Script is running...,
2024-08-19 15:18:52,Heartbeat: Script is running...,
2024-08-19 15:18:55,Heartbeat: Script is running...,
2024-08-19 15:18:57,Heartbeat: Script is running...,
2024-08-19 15:19:00,Heartbeat: Script is running...,
2024-08-19 15:19:02,Heartbeat: Script is running...,
2024-08-19 15:19:05,Heartbeat: Script is running...,
2024-08-19 15:19:07,Heartbeat: Script is running...,
2024-08-19 15:19:10,Heartbeat: Script is running...,
2024-08-19 15:19:12,Heartbeat: Script is running...,
2024-08-19 15:19:15,Heartbeat: Script is running...,
2024-08-19 15:19:17,Heartbeat: Script is running...,
2024-08-19 15:19:20,Heartbeat: Script is running...,
2024-08-19 15:19:22,Heartbeat: Script is running...,
2024-08-19 15:19:25,Heartbeat: Script is running...,
2024-08-19 15:19:27,Heartbeat: Script is running...,
2024-08-19 15:19:30,Heartbeat: Script is running...,
2024-08-19 15:19:32,Heartbeat: Script is running...,
2024-08-19 15:19:35,Heartbeat: Script is running...,
2024-08-19 15:19:37,Heartbeat: Script is running...,
2024-08-19 15:19:40,Heartbeat: Script is running...,
2024-08-19 15:19:42,Heartbeat: Script is running...,
2024-08-19 15:19:45,Heartbeat: Script is running...,
2024-08-19 15:19:47,Heartbeat: Script is running...,
2024-08-19 15:19:50,Heartbeat: Script is running...,
2024-08-19 15:19:52,Heartbeat: Script is running...,
2024-08-19 15:19:55,Heartbeat: Script is running...,
2024-08-19 15:19:57,Heartbeat: Script is running...,
2024-08-19 15:20:00,Heartbeat: Script is running...,
2024-08-19 15:20:02,Heartbeat: Script is running...,
2024-08-19 15:20:05,Heartbeat: Script is running...,
2024-08-19 15:20:07,Heartbeat: Script is running...,
2024-08-19 15:20:10,Heartbeat: Script is running...,
2024-08-19 15:20:12,Heartbeat: Script is running...,
2024-08-19 15:20:15,Heartbeat: Script is running...,
2024-08-19 15:20:17,Heartbeat: Script is running...,
2024-08-19 15:20:20,Heartbeat: Script is running...,
2024-08-19 15:20:22,Heartbeat: Script is running...,
2024-08-19 15:20:25,Heartbeat: Script is running...,
2024-08-19 15:20:27,Heartbeat: Script is running...,
2024-08-19 15:20:30,Heartbeat: Script is running...,
2024-08-19 15:20:32,Heartbeat: Script is running...,
2024-08-19 15:20:35,Heartbeat: Script is running...,
2024-08-19 15:20:37,Heartbeat: Script is running...,
2024-08-19 15:20:40,Heartbeat: Script is running...,
2024-08-19 15:20:42,Heartbeat: Script is running...,
2024-08-19 15:20:45,Heartbeat: Script is running...,
2024-08-19 15:20:48,Heartbeat: Script is running...,
2024-08-19 15:20:50,Heartbeat: Script is running...,
2024-08-19 15:20:53,Heartbeat: Script is running...,
2024-08-19 15:20:55,Heartbeat: Script is running...,
2024-08-19 15:20:58,Heartbeat: Script is running...,
2024-08-19 15:21:00,Heartbeat: Script is running...,
2024-08-19 15:21:03,Heartbeat: Script is running...,
2024-08-19 15:21:05,Heartbeat: Script is running...,
2024-08-19 15:21:08,Heartbeat: Script is running...,
2024-08-19 15:21:10,Heartbeat: Script is running...,
2024-08-19 15:21:13,Heartbeat: Script is running...,
2024-08-19 15:21:15,Heartbeat: Script is running...,
2024-08-19 15:21:18,Heartbeat: Script is running...,
2024-08-19 15:21:20,Heartbeat: Script is running...,
2024-08-19 15:21:23,Heartbeat: Script is running...,
2024-08-19 15:21:25,Heartbeat: Script is running...,
2024-08-19 15:21:28,Heartbeat: Script is running...,
2024-08-19 15:21:30,Heartbeat: Script is running...,
2024-08-19 15:21:33,Heartbeat: Script is running...,
2024-08-19 15:21:35,Heartbeat: Script is running...,
2024-08-19 15:21:38,Heartbeat: Script is running...,
2024-08-19 15:21:40,Heartbeat: Script is running...,
2024-08-19 15:21:43,Heartbeat: Script is running...,
2024-08-19 15:21:45,Heartbeat: Script is running...,
2024-08-19 15:21:48,Heartbeat: Script is running...,
2024-08-19 15:21:50,Heartbeat: Script is running...,
2024-08-19 15:21:53,Heartbeat: Script is running...,
2024-08-19 15:21:55,Heartbeat: Script is running...,
2024-08-19 15:21:58,Heartbeat: Script is running...,
2024-08-19 15:22:00,Heartbeat: Script is running...,
2024-08-19 15:22:03,Heartbeat: Script is running...,
2024-08-19 15:22:05,Heartbeat: Script is running...,
2024-08-19 15:22:08,Heartbeat: Script is running...,
2024-08-19 15:22:10,Heartbeat: Script is running...,
2024-08-19 15:22:13,Heartbeat: Script is running...,
2024-08-19 15:22:15,Heartbeat: Script is running...,
2024-08-19 15:22:18,Heartbeat: Script is running...,
2024-08-19 15:22:20,Heartbeat: Script is running...,
2024-08-19 15:22:23,Heartbeat: Script is running...,
2024-08-19 15:22:25,Heartbeat: Script is running...,
2024-08-19 15:22:28,Heartbeat: Script is running...,
2024-08-19 15:22:30,Heartbeat: Script is running...,
2024-08-19 15:22:33,Heartbeat: Script is running...,
2024-08-19 15:22:35,Heartbeat: Script is running...,
2024-08-19 15:22:38,Heartbeat: Script is running...,
2024-08-19 15:22:40,Heartbeat: Script is running...,
2024-08-19 15:22:43,Heartbeat: Script is running...,
2024-08-19 15:22:45,Heartbeat: Script is running...,
2024-08-19 15:22:48,Heartbeat: Script is running...,
2024-08-19 15:22:50,Heartbeat: Script is running...,
2024-08-19 15:22:53,Heartbeat: Script is running...,
2024-08-19 15:22:55,Heartbeat: Script is running...,
2024-08-19 15:22:58,Heartbeat: Script is running...,
2024-08-19 15:23:00,Heartbeat: Script is running...,
2024-08-19 15:23:03,Heartbeat: Script is running...,
2024-08-19 15:23:05,Heartbeat: Script is running...,
2024-08-19 15:23:08,Heartbeat: Script is running...,
2024-08-19 15:23:10,Heartbeat: Script is running...,
2024-08-19 15:23:13,Heartbeat: Script is running...,
2024-08-19 15:23:15,Heartbeat: Script is running...,
2024-08-19 15:23:18,Heartbeat: Script is running...,
2024-08-19 15:23:20,Heartbeat: Script is running...,
2024-08-19 15:23:23,Heartbeat: Script is running...,
2024-08-19 15:23:25,Heartbeat: Script is running...,
2024-08-19 15:23:28,Heartbeat: Script is running...,
2024-08-19 15:23:30,Heartbeat: Script is running...,
2024-08-19 15:23:33,Heartbeat: Script is running...,
2024-08-19 15:23:35,Heartbeat: Script is running...,
2024-08-19 15:23:38,Heartbeat: Script is running...,
2024-08-19 15:23:40,Heartbeat: Script is running...,
2024-08-19 15:23:43,Heartbeat: Script is running...,
2024-08-19 15:23:45,Heartbeat: Script is running...,
2024-08-19 15:23:48,Heartbeat: Script is running...,
2024-08-19 15:23:50,Heartbeat: Script is running...,
2024-08-19 15:23:53,Heartbeat: Script is running...,
2024-08-19 15:23:55,Heartbeat: Script is running...,
2024-08-19 15:23:58,Heartbeat: Script is running...,
2024-08-19 15:24:00,Heartbeat: Script is running...,
2024-08-19 15:24:03,Heartbeat: Script is running...,
2024-08-19 15:24:05,Heartbeat: Script is running...,
2024-08-19 15:24:08,Heartbeat: Script is running...,
2024-08-19 15:24:10,Heartbeat: Script is running...,
2024-08-19 15:24:13,Heartbeat: Script is running...,
2024-08-19 15:24:15,Heartbeat: Script is running...,
2024-08-19 15:24:18,Heartbeat: Script is running...,
2024-08-19 15:24:20,Heartbeat: Script is running...,
2024-08-19 15:24:23,Heartbeat: Script is running...,
2024-08-19 15:24:25,Heartbeat: Script is running...,
2024-08-19 15:24:28,Heartbeat: Script is running...,
2024-08-19 15:24:30,Heartbeat: Script is running...,
2024-08-19 15:24:33,Heartbeat: Script is running...,
2024-08-19 15:24:35,Heartbeat: Script is running...,
2024-08-19 15:24:38,Heartbeat: Script is running...,
2024-08-19 15:24:40,Heartbeat: Script is running...,
2024-08-19 15:24:43,Heartbeat: Script is running...,
2024-08-19 15:24:45,Heartbeat: Script is running...,
2024-08-19 15:24:48,Heartbeat: Script is running...,
2024-08-19 15:24:50,Heartbeat: Script is running...,
2024-08-19 15:24:53,Heartbeat: Script is running...,
2024-08-19 15:24:55,Heartbeat: Script is running...,
2024-08-19 15:24:58,Heartbeat: Script is running...,
2024-08-19 15:25:00,Heartbeat: Script is running...,
2024-08-19 15:25:03,Heartbeat: Script is running...,
2024-08-19 15:25:05,Heartbeat: Script is running...,
2024-08-19 15:25:08,Heartbeat: Script is running...,
2024-08-19 15:25:10,Heartbeat: Script is running...,
2024-08-19 15:25:13,Heartbeat: Script is running...,
2024-08-19 15:25:15,Heartbeat: Script is running...,
2024-08-19 15:25:18,Heartbeat: Script is running...,
2024-08-19 15:25:20,Heartbeat: Script is running...,
2024-08-19 15:25:23,Heartbeat: Script is running...,
2024-08-19 15:25:25,Heartbeat: Script is running...,
2024-08-19 15:25:28,Heartbeat: Script is running...,
2024-08-19 15:25:30,Heartbeat: Script is running...,
2024-08-19 15:25:33,Heartbeat: Script is running...,
2024-08-19 15:25:35,Heartbeat: Script is running...,
2024-08-19 15:25:38,Heartbeat: Script is running...,
2024-08-19 15:25:40,Heartbeat: Script is running...,
2024-08-19 15:25:43,Heartbeat: Script is running...,
2024-08-19 15:25:45,Heartbeat: Script is running...,
